<?SCHEMA schemaVersion="1.0"?>
<SignalSourcesConfiguration xmlns:xsi="http://www.w3.org/2001/XMLSchema-instance" xsi:noNamespaceSchemaLocation="file:///C:/Program%20Files/Common%20Files/ETAS/Experiment%20Environment/3.8/Schemas/EE.Data.SignalSources.xsd" xsi:type="ETAS.EE.Data.SignalSourcesConfigurationType">
  <SignalSourcesData xsi:type="ETAS.EE.Data.PluginDataListType">
    <Item xsi:type="ETAS.EE.Data.PluginDataType" id="IDf2a1181f-e435-4fed-b875-1921ac02f28e" pluginID="System" rootFolder="System_Files">
      <Documents xsi:type="ETAS.EE.Data.ExternalDocumentListType">
        <Item xsi:type="ETAS.EE.Data.ExternalDocumentType" id="IDc96641c4-3c16-4dfa-be90-1f920111855f" type="" name="Configuration" file="Configuration.xml" />
      </Documents>
    </Item>
  </SignalSourcesData>
  <SignalSourceDeclarations xsi:type="ETAS.EE.Data.SignalSourceDeclarationListType">
    <Item xsi:type="ETAS.EE.Data.SignalSourceDeclarationType" id="IDb06be797-6415-419f-9e8c-b30cd73f5d99" type="VP" signalSourceId="System" name="PC_Acceleration_PC" active="true" />
  </SignalSourceDeclarations>
</SignalSourcesConfiguration>