<?SCHEMA schemaVersion="1.0"?>
<SignalSourcesConfiguration xmlns:xsi="http://www.w3.org/2001/XMLSchema-instance" xsi:noNamespaceSchemaLocation="file:///C:/Program%20Files/Common%20Files/ETAS/Experiment%20Environment/3.8/Schemas/EE.Data.SignalSources.xsd" xsi:type="ETAS.EE.Data.SignalSourcesConfigurationType">
  <SignalSourcesData xsi:type="ETAS.EE.Data.PluginDataListType">
    <Item xsi:type="ETAS.EE.Data.PluginDataType" id="ID555d22a3-aae7-4371-a0aa-6a34e0da179d" pluginID="System" rootFolder="System_Files">
      <Documents xsi:type="ETAS.EE.Data.ExternalDocumentListType">
        <Item xsi:type="ETAS.EE.Data.ExternalDocumentType" id="IDecf7dc81-5e5d-4017-bfcd-dacb4ebfdf86" type="" name="Configuration" file="Configuration.xml" />
      </Documents>
    </Item>
  </SignalSourcesData>
  <SignalSourceDeclarations xsi:type="ETAS.EE.Data.SignalSourceDeclarationListType">
    <Item xsi:type="ETAS.EE.Data.SignalSourceDeclarationType" id="ID1d989439-ffe2-44c4-a499-45f68a81d74c" type="VP" signalSourceId="System" name="PCAccel_PC" active="true" />
  </SignalSourceDeclarations>
</SignalSourcesConfiguration>