<?SCHEMA schemaVersion="1.0"?>
<SignalSourcesConfiguration xmlns:xsi="http://www.w3.org/2001/XMLSchema-instance" xsi:noNamespaceSchemaLocation="file:///C:/Program%20Files/Common%20Files/ETAS/Experiment%20Environment/3.8/Schemas/EE.Data.SignalSources.xsd" xsi:type="ETAS.EE.Data.SignalSourcesConfigurationType">
  <SignalSourcesData xsi:type="ETAS.EE.Data.PluginDataListType">
    <Item xsi:type="ETAS.EE.Data.PluginDataType" id="ID65ed3728-ca28-4897-8323-15fb0aca8297" pluginID="System" rootFolder="System_Files">
      <Documents xsi:type="ETAS.EE.Data.ExternalDocumentListType">
        <Item xsi:type="ETAS.EE.Data.ExternalDocumentType" id="ID910e4a84-5f2b-45bf-821e-c02053e781fd" type="" name="Configuration" file="Configuration.xml" />
      </Documents>
    </Item>
  </SignalSourcesData>
  <SignalSourceDeclarations xsi:type="ETAS.EE.Data.SignalSourceDeclarationListType">
    <Item xsi:type="ETAS.EE.Data.SignalSourceDeclarationType" id="IDc5fde64f-f912-4fcf-938e-253418c761a9" type="VP" signalSourceId="System" name="PC_PC" active="true" />
  </SignalSourceDeclarations>
</SignalSourcesConfiguration>